{
  "project_info": {
    "project_number": "360828054816",
    "firebase_url": "https://reviewer-71b16.firebaseio.com",
    "project_id": "reviewer-71b16",
    "storage_bucket": "reviewer-71b16.appspot.com"
  },
  "client": [
    {
      "client_info": {
        "mobilesdk_app_id": "1:360828054816:android:3cfca481b7a4c72154fb45",
        "android_client_info": {
          "package_name": "com.islamkamal.reviewers"
        }
      },
      "oauth_client": [
        {
          "client_id": "360828054816-ofgdlr098t0h6vak1a4ter4lgq9flp9c.apps.googleusercontent.com",
          "client_type": 3
        }
      ],
      "api_key": [
        {
          "current_key": "AIzaSyDAnPd52B2S44CxJ3WdSzxRkTjCQ2to2Ak"
        }
      ],
      "services": {
        "appinvite_service": {
          "other_platform_oauth_client": [
            {
              "client_id": "360828054816-ofgdlr098t0h6vak1a4ter4lgq9flp9c.apps.googleusercontent.com",
              "client_type": 3
            },
            {
              "client_id": "360828054816-4tqt2v34mideich3js9lkh2aon9gckof.apps.googleusercontent.com",
              "client_type": 2,
              "ios_info": {
                "bundle_id": "com.islamkamal.reviewers"
              }
            }
          ]
        }
      }
    }
  ],
  "configuration_version": "1"
}